subreddit,commenti_totali,commenti_unici,upvotes_totali,upvote_medio,upvote_mediano,upvote_devstd,upvote_max,post_score_medio,post_score_max,lunghezza_media_caratteri,engagement_ratio,commenti_per_post,cluster,tipo_comunita
austria,274,274,7208,26.31,6.0,84.74,643,589.81,1470,99.89,26.31,22.8,3,CLUSTER 4
belgium,4266,4266,28952,6.79,1.0,38.08,1777,364.12,1134,129.29,6.79,87.1,0,CLUSTER 1
czech,2268,2268,10394,4.58,2.0,14.29,269,118.36,1153,153.87,4.58,26.1,0,CLUSTER 1
de,6575,6575,134687,20.48,6.0,65.98,1344,668.08,1964,124.42,20.48,79.2,1,CLUSTER 2
denmark,11823,11823,57923,4.9,1.0,21.27,1025,188.19,731,139.47,4.9,120.6,0,CLUSTER 1
france,23651,23651,319634,13.51,4.0,42.03,1394,343.96,3362,125.37,13.51,51.2,2,CLUSTER 3
greece,4567,4567,24008,5.26,2.0,17.89,261,87.26,375,120.78,5.26,21.5,0,CLUSTER 1
hungary,995,995,7059,7.09,2.0,28.18,501,227.48,1014,143.67,7.09,36.9,0,CLUSTER 1
ireland,21878,21878,313208,14.32,3.0,58.85,1584,1104.92,14600,119.45,14.32,117.6,2,CLUSTER 3
italy,21503,21503,139081,6.47,2.0,23.91,577,284.07,920,129.18,6.47,99.1,2,CLUSTER 3
netherlands,17,17,75,4.41,2.0,8.82,35,0.0,0,174.47,4.41,8.5,0,CLUSTER 1
norway,93,93,635,6.83,2.0,19.21,141,142.97,831,146.62,6.83,31.0,0,CLUSTER 1
poland,56,56,138,2.46,2.0,6.89,23,287.16,752,157.73,2.46,8.0,0,CLUSTER 1
portugal,5118,5118,36554,7.14,2.0,32.83,885,286.63,884,129.21,7.14,91.4,0,CLUSTER 1
romania,1134,1134,11334,9.99,2.0,41.31,812,319.1,606,140.69,9.99,39.1,0,CLUSTER 1
spain,789,789,5845,7.41,1.0,44.54,1011,12512.57,18196,110.63,7.41,197.2,0,CLUSTER 1
sweden,20370,20370,149340,7.33,2.0,40.12,1557,702.7,6435,137.24,7.33,161.7,2,CLUSTER 3
switzerland,3238,3238,22524,6.96,2.0,36.34,915,553.89,1945,128.82,6.96,161.9,0,CLUSTER 1
ukraine,10,10,340,34.0,20.0,36.47,124,467.0,467,138.7,34.0,10.0,3,CLUSTER 4
unitedkingdom,13061,13061,249244,19.08,4.0,75.97,2915,668.33,5716,138.89,19.08,56.1,1,CLUSTER 2
